{
  "name": "streamforge-backend-2.0",
  "version": "2.0.0",
  "description": "AI-Powered Stream Booster with Blockchain and Quantum Encryption",
  "main": "server.js",
  "scripts": {
    "start": "node server.js",
    "dev": "nodemon server.js",
    "test": "jest --coverage",
    "deploy": "bash ../deploy/deploy.sh",
    "train": "node ml/evasionModel.js --train"
  },
  "dependencies": {
    "express": "^4.19.2",
    "mongoose": "^8.1.0",
    "jsonwebtoken": "^9.0.2",
    "bcryptjs": "^2.4.3",
    "cors": "^2.8.5",
    "helmet": "^7.1.0",
    "dotenv": "^16.4.1",
    "axios": "^1.6.5",
    "crypto-js": "^4.2.0",
    "node-cron": "^3.0.3",
    "cheerio": "^1.0.0-rc.12",
    "puppeteer": "^22.2.0",
    "@tensorflow/tfjs-node": "^4.1.0",
    "hyperledger-fabric-sdk": "^2.2.0",
    "kyber-js": "^1.0.0", 
    "istio-sdk": "^1.8.0", 
    "prom-client": "^15.0.0", 
    "winston": "^3.11.0"  
  },
  "devDependencies": {
    "jest": "^29.7.0",
    "nodemon": "^3.0.3",
    "supertest": "^6.3.4"
  },
  "jest": {
    "testEnvironment": "node",
    "coverageThreshold": {
      "global": { "branches": 95, "functions": 95, "lines": 95 }
    }
  }